,somite_index,n_mps,n_mps_manual,Fish_id,image_path,whole_img_path
0,0,2,4,Inpp5e_2dpf_4D9-488_DAPI_2024-04-19_F00,"['/Users/quillan/Documents/Lab/Thesis/Chevron Analysis/Analysis_1/processed_images/Inpp5e_2dpf_4D9-488_DAPI_2024-04-19_F00_somite_0_mp_23.png', '/Users/quillan/Documents/Lab/Thesis/Chevron Analysis/Analysis_1/processed_images/Inpp5e_2dpf_4D9-488_DAPI_2024-04-19_F00_somite_0_mp_36.png']",/Users/quillan/Documents/Lab/Thesis/Chevron Analysis/Analysis_1/processed_images/Inpp5e_2dpf_4D9-488_DAPI_2024-04-19_F00_whole_outlined.png
1,1,4,3,Inpp5e_2dpf_4D9-488_DAPI_2024-04-19_F00,"['/Users/quillan/Documents/Lab/Thesis/Chevron Analysis/Analysis_1/processed_images/Inpp5e_2dpf_4D9-488_DAPI_2024-04-19_F00_somite_1_mp_32.png', '/Users/quillan/Documents/Lab/Thesis/Chevron Analysis/Analysis_1/processed_images/Inpp5e_2dpf_4D9-488_DAPI_2024-04-19_F00_somite_1_mp_33.png', '/Users/quillan/Documents/Lab/Thesis/Chevron Analysis/Analysis_1/processed_images/Inpp5e_2dpf_4D9-488_DAPI_2024-04-19_F00_somite_1_mp_34.png', '/Users/quillan/Documents/Lab/Thesis/Chevron Analysis/Analysis_1/processed_images/Inpp5e_2dpf_4D9-488_DAPI_2024-04-19_F00_somite_1_mp_40.png']",/Users/quillan/Documents/Lab/Thesis/Chevron Analysis/Analysis_1/processed_images/Inpp5e_2dpf_4D9-488_DAPI_2024-04-19_F00_whole_outlined.png
2,2,4,4,Inpp5e_2dpf_4D9-488_DAPI_2024-04-19_F00,"['/Users/quillan/Documents/Lab/Thesis/Chevron Analysis/Analysis_1/processed_images/Inpp5e_2dpf_4D9-488_DAPI_2024-04-19_F00_somite_2_mp_20.png', '/Users/quillan/Documents/Lab/Thesis/Chevron Analysis/Analysis_1/processed_images/Inpp5e_2dpf_4D9-488_DAPI_2024-04-19_F00_somite_2_mp_29.png', '/Users/quillan/Documents/Lab/Thesis/Chevron Analysis/Analysis_1/processed_images/Inpp5e_2dpf_4D9-488_DAPI_2024-04-19_F00_somite_2_mp_31.png', '/Users/quillan/Documents/Lab/Thesis/Chevron Analysis/Analysis_1/processed_images/Inpp5e_2dpf_4D9-488_DAPI_2024-04-19_F00_somite_2_mp_39.png']",/Users/quillan/Documents/Lab/Thesis/Chevron Analysis/Analysis_1/processed_images/Inpp5e_2dpf_4D9-488_DAPI_2024-04-19_F00_whole_outlined.png
3,3,3,2,Inpp5e_2dpf_4D9-488_DAPI_2024-04-19_F00,"['/Users/quillan/Documents/Lab/Thesis/Chevron Analysis/Analysis_1/processed_images/Inpp5e_2dpf_4D9-488_DAPI_2024-04-19_F00_somite_3_mp_18.png', '/Users/quillan/Documents/Lab/Thesis/Chevron Analysis/Analysis_1/processed_images/Inpp5e_2dpf_4D9-488_DAPI_2024-04-19_F00_somite_3_mp_27.png', '/Users/quillan/Documents/Lab/Thesis/Chevron Analysis/Analysis_1/processed_images/Inpp5e_2dpf_4D9-488_DAPI_2024-04-19_F00_somite_3_mp_28.png']",/Users/quillan/Documents/Lab/Thesis/Chevron Analysis/Analysis_1/processed_images/Inpp5e_2dpf_4D9-488_DAPI_2024-04-19_F00_whole_outlined.png
4,4,3,4,Inpp5e_2dpf_4D9-488_DAPI_2024-04-19_F00,"['/Users/quillan/Documents/Lab/Thesis/Chevron Analysis/Analysis_1/processed_images/Inpp5e_2dpf_4D9-488_DAPI_2024-04-19_F00_somite_4_mp_15.png', '/Users/quillan/Documents/Lab/Thesis/Chevron Analysis/Analysis_1/processed_images/Inpp5e_2dpf_4D9-488_DAPI_2024-04-19_F00_somite_4_mp_24.png', '/Users/quillan/Documents/Lab/Thesis/Chevron Analysis/Analysis_1/processed_images/Inpp5e_2dpf_4D9-488_DAPI_2024-04-19_F00_somite_4_mp_25.png']",/Users/quillan/Documents/Lab/Thesis/Chevron Analysis/Analysis_1/processed_images/Inpp5e_2dpf_4D9-488_DAPI_2024-04-19_F00_whole_outlined.png
5,5,3,4,Inpp5e_2dpf_4D9-488_DAPI_2024-04-19_F00,"['/Users/quillan/Documents/Lab/Thesis/Chevron Analysis/Analysis_1/processed_images/Inpp5e_2dpf_4D9-488_DAPI_2024-04-19_F00_somite_5_mp_8.png', '/Users/quillan/Documents/Lab/Thesis/Chevron Analysis/Analysis_1/processed_images/Inpp5e_2dpf_4D9-488_DAPI_2024-04-19_F00_somite_5_mp_21.png', '/Users/quillan/Documents/Lab/Thesis/Chevron Analysis/Analysis_1/processed_images/Inpp5e_2dpf_4D9-488_DAPI_2024-04-19_F00_somite_5_mp_22.png']",/Users/quillan/Documents/Lab/Thesis/Chevron Analysis/Analysis_1/processed_images/Inpp5e_2dpf_4D9-488_DAPI_2024-04-19_F00_whole_outlined.png
6,6,2,4,Inpp5e_2dpf_4D9-488_DAPI_2024-04-19_F00,"['/Users/quillan/Documents/Lab/Thesis/Chevron Analysis/Analysis_1/processed_images/Inpp5e_2dpf_4D9-488_DAPI_2024-04-19_F00_somite_6_mp_16.png', '/Users/quillan/Documents/Lab/Thesis/Chevron Analysis/Analysis_1/processed_images/Inpp5e_2dpf_4D9-488_DAPI_2024-04-19_F00_somite_6_mp_17.png']",/Users/quillan/Documents/Lab/Thesis/Chevron Analysis/Analysis_1/processed_images/Inpp5e_2dpf_4D9-488_DAPI_2024-04-19_F00_whole_outlined.png
7,7,7,3,Inpp5e_2dpf_4D9-488_DAPI_2024-04-19_F00,"['/Users/quillan/Documents/Lab/Thesis/Chevron Analysis/Analysis_1/processed_images/Inpp5e_2dpf_4D9-488_DAPI_2024-04-19_F00_somite_7_mp_5.png', '/Users/quillan/Documents/Lab/Thesis/Chevron Analysis/Analysis_1/processed_images/Inpp5e_2dpf_4D9-488_DAPI_2024-04-19_F00_somite_7_mp_6.png', '/Users/quillan/Documents/Lab/Thesis/Chevron Analysis/Analysis_1/processed_images/Inpp5e_2dpf_4D9-488_DAPI_2024-04-19_F00_somite_7_mp_9.png', '/Users/quillan/Documents/Lab/Thesis/Chevron Analysis/Analysis_1/processed_images/Inpp5e_2dpf_4D9-488_DAPI_2024-04-19_F00_somite_7_mp_10.png', '/Users/quillan/Documents/Lab/Thesis/Chevron Analysis/Analysis_1/processed_images/Inpp5e_2dpf_4D9-488_DAPI_2024-04-19_F00_somite_7_mp_11.png', '/Users/quillan/Documents/Lab/Thesis/Chevron Analysis/Analysis_1/processed_images/Inpp5e_2dpf_4D9-488_DAPI_2024-04-19_F00_somite_7_mp_12.png', '/Users/quillan/Documents/Lab/Thesis/Chevron Analysis/Analysis_1/processed_images/Inpp5e_2dpf_4D9-488_DAPI_2024-04-19_F00_somite_7_mp_13.png']",/Users/quillan/Documents/Lab/Thesis/Chevron Analysis/Analysis_1/processed_images/Inpp5e_2dpf_4D9-488_DAPI_2024-04-19_F00_whole_outlined.png
0,0,3,3,Inpp5e_2dpf_4D9-488_DAPI_2024-04-19_F01,"['/Users/quillan/Documents/Lab/Thesis/Chevron Analysis/Analysis_1/processed_images/Inpp5e_2dpf_4D9-488_DAPI_2024-04-19_F01_somite_0_mp_21.png', '/Users/quillan/Documents/Lab/Thesis/Chevron Analysis/Analysis_1/processed_images/Inpp5e_2dpf_4D9-488_DAPI_2024-04-19_F01_somite_0_mp_23.png', '/Users/quillan/Documents/Lab/Thesis/Chevron Analysis/Analysis_1/processed_images/Inpp5e_2dpf_4D9-488_DAPI_2024-04-19_F01_somite_0_mp_29.png']",/Users/quillan/Documents/Lab/Thesis/Chevron Analysis/Analysis_1/processed_images/Inpp5e_2dpf_4D9-488_DAPI_2024-04-19_F01_whole_outlined.png
1,1,2,3,Inpp5e_2dpf_4D9-488_DAPI_2024-04-19_F01,"['/Users/quillan/Documents/Lab/Thesis/Chevron Analysis/Analysis_1/processed_images/Inpp5e_2dpf_4D9-488_DAPI_2024-04-19_F01_somite_1_mp_19.png', '/Users/quillan/Documents/Lab/Thesis/Chevron Analysis/Analysis_1/processed_images/Inpp5e_2dpf_4D9-488_DAPI_2024-04-19_F01_somite_1_mp_28.png']",/Users/quillan/Documents/Lab/Thesis/Chevron Analysis/Analysis_1/processed_images/Inpp5e_2dpf_4D9-488_DAPI_2024-04-19_F01_whole_outlined.png
2,2,0,4,Inpp5e_2dpf_4D9-488_DAPI_2024-04-19_F01,[],/Users/quillan/Documents/Lab/Thesis/Chevron Analysis/Analysis_1/processed_images/Inpp5e_2dpf_4D9-488_DAPI_2024-04-19_F01_whole_outlined.png
3,3,1,4,Inpp5e_2dpf_4D9-488_DAPI_2024-04-19_F01,['/Users/quillan/Documents/Lab/Thesis/Chevron Analysis/Analysis_1/processed_images/Inpp5e_2dpf_4D9-488_DAPI_2024-04-19_F01_somite_3_mp_26.png'],/Users/quillan/Documents/Lab/Thesis/Chevron Analysis/Analysis_1/processed_images/Inpp5e_2dpf_4D9-488_DAPI_2024-04-19_F01_whole_outlined.png
4,4,3,3,Inpp5e_2dpf_4D9-488_DAPI_2024-04-19_F01,"['/Users/quillan/Documents/Lab/Thesis/Chevron Analysis/Analysis_1/processed_images/Inpp5e_2dpf_4D9-488_DAPI_2024-04-19_F01_somite_4_mp_12.png', '/Users/quillan/Documents/Lab/Thesis/Chevron Analysis/Analysis_1/processed_images/Inpp5e_2dpf_4D9-488_DAPI_2024-04-19_F01_somite_4_mp_17.png', '/Users/quillan/Documents/Lab/Thesis/Chevron Analysis/Analysis_1/processed_images/Inpp5e_2dpf_4D9-488_DAPI_2024-04-19_F01_somite_4_mp_24.png']",/Users/quillan/Documents/Lab/Thesis/Chevron Analysis/Analysis_1/processed_images/Inpp5e_2dpf_4D9-488_DAPI_2024-04-19_F01_whole_outlined.png
5,5,2,6,Inpp5e_2dpf_4D9-488_DAPI_2024-04-19_F01,"['/Users/quillan/Documents/Lab/Thesis/Chevron Analysis/Analysis_1/processed_images/Inpp5e_2dpf_4D9-488_DAPI_2024-04-19_F01_somite_5_mp_9.png', '/Users/quillan/Documents/Lab/Thesis/Chevron Analysis/Analysis_1/processed_images/Inpp5e_2dpf_4D9-488_DAPI_2024-04-19_F01_somite_5_mp_22.png']",/Users/quillan/Documents/Lab/Thesis/Chevron Analysis/Analysis_1/processed_images/Inpp5e_2dpf_4D9-488_DAPI_2024-04-19_F01_whole_outlined.png
6,6,1,3,Inpp5e_2dpf_4D9-488_DAPI_2024-04-19_F01,['/Users/quillan/Documents/Lab/Thesis/Chevron Analysis/Analysis_1/processed_images/Inpp5e_2dpf_4D9-488_DAPI_2024-04-19_F01_somite_6_mp_20.png'],/Users/quillan/Documents/Lab/Thesis/Chevron Analysis/Analysis_1/processed_images/Inpp5e_2dpf_4D9-488_DAPI_2024-04-19_F01_whole_outlined.png
7,7,0,5,Inpp5e_2dpf_4D9-488_DAPI_2024-04-19_F01,[],/Users/quillan/Documents/Lab/Thesis/Chevron Analysis/Analysis_1/processed_images/Inpp5e_2dpf_4D9-488_DAPI_2024-04-19_F01_whole_outlined.png
8,8,0,7,Inpp5e_2dpf_4D9-488_DAPI_2024-04-19_F01,[],/Users/quillan/Documents/Lab/Thesis/Chevron Analysis/Analysis_1/processed_images/Inpp5e_2dpf_4D9-488_DAPI_2024-04-19_F01_whole_outlined.png
0,0,1,2,Inpp5e_2dpf_4D9-488_DAPI_2024-04-19_F02,['/Users/quillan/Documents/Lab/Thesis/Chevron Analysis/Analysis_1/processed_images/Inpp5e_2dpf_4D9-488_DAPI_2024-04-19_F02_somite_0_mp_27.png'],/Users/quillan/Documents/Lab/Thesis/Chevron Analysis/Analysis_1/processed_images/Inpp5e_2dpf_4D9-488_DAPI_2024-04-19_F02_whole_outlined.png
1,1,2,6,Inpp5e_2dpf_4D9-488_DAPI_2024-04-19_F02,"['/Users/quillan/Documents/Lab/Thesis/Chevron Analysis/Analysis_1/processed_images/Inpp5e_2dpf_4D9-488_DAPI_2024-04-19_F02_somite_1_mp_22.png', '/Users/quillan/Documents/Lab/Thesis/Chevron Analysis/Analysis_1/processed_images/Inpp5e_2dpf_4D9-488_DAPI_2024-04-19_F02_somite_1_mp_31.png']",/Users/quillan/Documents/Lab/Thesis/Chevron Analysis/Analysis_1/processed_images/Inpp5e_2dpf_4D9-488_DAPI_2024-04-19_F02_whole_outlined.png
2,2,4,5,Inpp5e_2dpf_4D9-488_DAPI_2024-04-19_F02,"['/Users/quillan/Documents/Lab/Thesis/Chevron Analysis/Analysis_1/processed_images/Inpp5e_2dpf_4D9-488_DAPI_2024-04-19_F02_somite_2_mp_18.png', '/Users/quillan/Documents/Lab/Thesis/Chevron Analysis/Analysis_1/processed_images/Inpp5e_2dpf_4D9-488_DAPI_2024-04-19_F02_somite_2_mp_26.png', '/Users/quillan/Documents/Lab/Thesis/Chevron Analysis/Analysis_1/processed_images/Inpp5e_2dpf_4D9-488_DAPI_2024-04-19_F02_somite_2_mp_28.png', '/Users/quillan/Documents/Lab/Thesis/Chevron Analysis/Analysis_1/processed_images/Inpp5e_2dpf_4D9-488_DAPI_2024-04-19_F02_somite_2_mp_30.png']",/Users/quillan/Documents/Lab/Thesis/Chevron Analysis/Analysis_1/processed_images/Inpp5e_2dpf_4D9-488_DAPI_2024-04-19_F02_whole_outlined.png
3,3,3,7,Inpp5e_2dpf_4D9-488_DAPI_2024-04-19_F02,"['/Users/quillan/Documents/Lab/Thesis/Chevron Analysis/Analysis_1/processed_images/Inpp5e_2dpf_4D9-488_DAPI_2024-04-19_F02_somite_3_mp_11.png', '/Users/quillan/Documents/Lab/Thesis/Chevron Analysis/Analysis_1/processed_images/Inpp5e_2dpf_4D9-488_DAPI_2024-04-19_F02_somite_3_mp_24.png', '/Users/quillan/Documents/Lab/Thesis/Chevron Analysis/Analysis_1/processed_images/Inpp5e_2dpf_4D9-488_DAPI_2024-04-19_F02_somite_3_mp_25.png']",/Users/quillan/Documents/Lab/Thesis/Chevron Analysis/Analysis_1/processed_images/Inpp5e_2dpf_4D9-488_DAPI_2024-04-19_F02_whole_outlined.png
4,4,2,5,Inpp5e_2dpf_4D9-488_DAPI_2024-04-19_F02,"['/Users/quillan/Documents/Lab/Thesis/Chevron Analysis/Analysis_1/processed_images/Inpp5e_2dpf_4D9-488_DAPI_2024-04-19_F02_somite_4_mp_20.png', '/Users/quillan/Documents/Lab/Thesis/Chevron Analysis/Analysis_1/processed_images/Inpp5e_2dpf_4D9-488_DAPI_2024-04-19_F02_somite_4_mp_23.png']",/Users/quillan/Documents/Lab/Thesis/Chevron Analysis/Analysis_1/processed_images/Inpp5e_2dpf_4D9-488_DAPI_2024-04-19_F02_whole_outlined.png
5,5,8,5,Inpp5e_2dpf_4D9-488_DAPI_2024-04-19_F02,"['/Users/quillan/Documents/Lab/Thesis/Chevron Analysis/Analysis_1/processed_images/Inpp5e_2dpf_4D9-488_DAPI_2024-04-19_F02_somite_5_mp_3.png', '/Users/quillan/Documents/Lab/Thesis/Chevron Analysis/Analysis_1/processed_images/Inpp5e_2dpf_4D9-488_DAPI_2024-04-19_F02_somite_5_mp_4.png', '/Users/quillan/Documents/Lab/Thesis/Chevron Analysis/Analysis_1/processed_images/Inpp5e_2dpf_4D9-488_DAPI_2024-04-19_F02_somite_5_mp_5.png', '/Users/quillan/Documents/Lab/Thesis/Chevron Analysis/Analysis_1/processed_images/Inpp5e_2dpf_4D9-488_DAPI_2024-04-19_F02_somite_5_mp_9.png', '/Users/quillan/Documents/Lab/Thesis/Chevron Analysis/Analysis_1/processed_images/Inpp5e_2dpf_4D9-488_DAPI_2024-04-19_F02_somite_5_mp_15.png', '/Users/quillan/Documents/Lab/Thesis/Chevron Analysis/Analysis_1/processed_images/Inpp5e_2dpf_4D9-488_DAPI_2024-04-19_F02_somite_5_mp_16.png', '/Users/quillan/Documents/Lab/Thesis/Chevron Analysis/Analysis_1/processed_images/Inpp5e_2dpf_4D9-488_DAPI_2024-04-19_F02_somite_5_mp_17.png', '/Users/quillan/Documents/Lab/Thesis/Chevron Analysis/Analysis_1/processed_images/Inpp5e_2dpf_4D9-488_DAPI_2024-04-19_F02_somite_5_mp_21.png']",/Users/quillan/Documents/Lab/Thesis/Chevron Analysis/Analysis_1/processed_images/Inpp5e_2dpf_4D9-488_DAPI_2024-04-19_F02_whole_outlined.png
6,6,3,5,Inpp5e_2dpf_4D9-488_DAPI_2024-04-19_F02,"['/Users/quillan/Documents/Lab/Thesis/Chevron Analysis/Analysis_1/processed_images/Inpp5e_2dpf_4D9-488_DAPI_2024-04-19_F02_somite_6_mp_8.png', '/Users/quillan/Documents/Lab/Thesis/Chevron Analysis/Analysis_1/processed_images/Inpp5e_2dpf_4D9-488_DAPI_2024-04-19_F02_somite_6_mp_12.png', '/Users/quillan/Documents/Lab/Thesis/Chevron Analysis/Analysis_1/processed_images/Inpp5e_2dpf_4D9-488_DAPI_2024-04-19_F02_somite_6_mp_14.png']",/Users/quillan/Documents/Lab/Thesis/Chevron Analysis/Analysis_1/processed_images/Inpp5e_2dpf_4D9-488_DAPI_2024-04-19_F02_whole_outlined.png
7,7,1,6,Inpp5e_2dpf_4D9-488_DAPI_2024-04-19_F02,['/Users/quillan/Documents/Lab/Thesis/Chevron Analysis/Analysis_1/processed_images/Inpp5e_2dpf_4D9-488_DAPI_2024-04-19_F02_somite_7_mp_13.png'],/Users/quillan/Documents/Lab/Thesis/Chevron Analysis/Analysis_1/processed_images/Inpp5e_2dpf_4D9-488_DAPI_2024-04-19_F02_whole_outlined.png
0,0,0,5,Inpp5e_2dpf_4D9-488_DAPI_2024-04-19_F03,[],/Users/quillan/Documents/Lab/Thesis/Chevron Analysis/Analysis_1/processed_images/Inpp5e_2dpf_4D9-488_DAPI_2024-04-19_F03_whole_outlined.png
1,1,0,4,Inpp5e_2dpf_4D9-488_DAPI_2024-04-19_F03,[],/Users/quillan/Documents/Lab/Thesis/Chevron Analysis/Analysis_1/processed_images/Inpp5e_2dpf_4D9-488_DAPI_2024-04-19_F03_whole_outlined.png
2,2,1,4,Inpp5e_2dpf_4D9-488_DAPI_2024-04-19_F03,['/Users/quillan/Documents/Lab/Thesis/Chevron Analysis/Analysis_1/processed_images/Inpp5e_2dpf_4D9-488_DAPI_2024-04-19_F03_somite_2_mp_17.png'],/Users/quillan/Documents/Lab/Thesis/Chevron Analysis/Analysis_1/processed_images/Inpp5e_2dpf_4D9-488_DAPI_2024-04-19_F03_whole_outlined.png
3,3,2,4,Inpp5e_2dpf_4D9-488_DAPI_2024-04-19_F03,"['/Users/quillan/Documents/Lab/Thesis/Chevron Analysis/Analysis_1/processed_images/Inpp5e_2dpf_4D9-488_DAPI_2024-04-19_F03_somite_3_mp_14.png', '/Users/quillan/Documents/Lab/Thesis/Chevron Analysis/Analysis_1/processed_images/Inpp5e_2dpf_4D9-488_DAPI_2024-04-19_F03_somite_3_mp_15.png']",/Users/quillan/Documents/Lab/Thesis/Chevron Analysis/Analysis_1/processed_images/Inpp5e_2dpf_4D9-488_DAPI_2024-04-19_F03_whole_outlined.png
4,4,3,5,Inpp5e_2dpf_4D9-488_DAPI_2024-04-19_F03,"['/Users/quillan/Documents/Lab/Thesis/Chevron Analysis/Analysis_1/processed_images/Inpp5e_2dpf_4D9-488_DAPI_2024-04-19_F03_somite_4_mp_10.png', '/Users/quillan/Documents/Lab/Thesis/Chevron Analysis/Analysis_1/processed_images/Inpp5e_2dpf_4D9-488_DAPI_2024-04-19_F03_somite_4_mp_12.png', '/Users/quillan/Documents/Lab/Thesis/Chevron Analysis/Analysis_1/processed_images/Inpp5e_2dpf_4D9-488_DAPI_2024-04-19_F03_somite_4_mp_16.png']",/Users/quillan/Documents/Lab/Thesis/Chevron Analysis/Analysis_1/processed_images/Inpp5e_2dpf_4D9-488_DAPI_2024-04-19_F03_whole_outlined.png
5,5,2,4,Inpp5e_2dpf_4D9-488_DAPI_2024-04-19_F03,"['/Users/quillan/Documents/Lab/Thesis/Chevron Analysis/Analysis_1/processed_images/Inpp5e_2dpf_4D9-488_DAPI_2024-04-19_F03_somite_5_mp_9.png', '/Users/quillan/Documents/Lab/Thesis/Chevron Analysis/Analysis_1/processed_images/Inpp5e_2dpf_4D9-488_DAPI_2024-04-19_F03_somite_5_mp_18.png']",/Users/quillan/Documents/Lab/Thesis/Chevron Analysis/Analysis_1/processed_images/Inpp5e_2dpf_4D9-488_DAPI_2024-04-19_F03_whole_outlined.png
6,6,1,3,Inpp5e_2dpf_4D9-488_DAPI_2024-04-19_F03,['/Users/quillan/Documents/Lab/Thesis/Chevron Analysis/Analysis_1/processed_images/Inpp5e_2dpf_4D9-488_DAPI_2024-04-19_F03_somite_6_mp_13.png'],/Users/quillan/Documents/Lab/Thesis/Chevron Analysis/Analysis_1/processed_images/Inpp5e_2dpf_4D9-488_DAPI_2024-04-19_F03_whole_outlined.png
7,7,0,3,Inpp5e_2dpf_4D9-488_DAPI_2024-04-19_F03,[],/Users/quillan/Documents/Lab/Thesis/Chevron Analysis/Analysis_1/processed_images/Inpp5e_2dpf_4D9-488_DAPI_2024-04-19_F03_whole_outlined.png
8,8,1,3,Inpp5e_2dpf_4D9-488_DAPI_2024-04-19_F03,['/Users/quillan/Documents/Lab/Thesis/Chevron Analysis/Analysis_1/processed_images/Inpp5e_2dpf_4D9-488_DAPI_2024-04-19_F03_somite_8_mp_5.png'],/Users/quillan/Documents/Lab/Thesis/Chevron Analysis/Analysis_1/processed_images/Inpp5e_2dpf_4D9-488_DAPI_2024-04-19_F03_whole_outlined.png
9,9,1,2,Inpp5e_2dpf_4D9-488_DAPI_2024-04-19_F03,['/Users/quillan/Documents/Lab/Thesis/Chevron Analysis/Analysis_1/processed_images/Inpp5e_2dpf_4D9-488_DAPI_2024-04-19_F03_somite_9_mp_8.png'],/Users/quillan/Documents/Lab/Thesis/Chevron Analysis/Analysis_1/processed_images/Inpp5e_2dpf_4D9-488_DAPI_2024-04-19_F03_whole_outlined.png
0,0,0,5,Inpp5e_2dpf_4D9-488_DAPI_2024-04-19_F04,[],/Users/quillan/Documents/Lab/Thesis/Chevron Analysis/Analysis_1/processed_images/Inpp5e_2dpf_4D9-488_DAPI_2024-04-19_F04_whole_outlined.png
1,1,2,3,Inpp5e_2dpf_4D9-488_DAPI_2024-04-19_F04,"['/Users/quillan/Documents/Lab/Thesis/Chevron Analysis/Analysis_1/processed_images/Inpp5e_2dpf_4D9-488_DAPI_2024-04-19_F04_somite_1_mp_0.png', '/Users/quillan/Documents/Lab/Thesis/Chevron Analysis/Analysis_1/processed_images/Inpp5e_2dpf_4D9-488_DAPI_2024-04-19_F04_somite_1_mp_1.png']",/Users/quillan/Documents/Lab/Thesis/Chevron Analysis/Analysis_1/processed_images/Inpp5e_2dpf_4D9-488_DAPI_2024-04-19_F04_whole_outlined.png
2,2,1,4,Inpp5e_2dpf_4D9-488_DAPI_2024-04-19_F04,['/Users/quillan/Documents/Lab/Thesis/Chevron Analysis/Analysis_1/processed_images/Inpp5e_2dpf_4D9-488_DAPI_2024-04-19_F04_somite_2_mp_3.png'],/Users/quillan/Documents/Lab/Thesis/Chevron Analysis/Analysis_1/processed_images/Inpp5e_2dpf_4D9-488_DAPI_2024-04-19_F04_whole_outlined.png
3,3,1,1,Inpp5e_2dpf_4D9-488_DAPI_2024-04-19_F04,['/Users/quillan/Documents/Lab/Thesis/Chevron Analysis/Analysis_1/processed_images/Inpp5e_2dpf_4D9-488_DAPI_2024-04-19_F04_somite_3_mp_2.png'],/Users/quillan/Documents/Lab/Thesis/Chevron Analysis/Analysis_1/processed_images/Inpp5e_2dpf_4D9-488_DAPI_2024-04-19_F04_whole_outlined.png
4,4,4,6,Inpp5e_2dpf_4D9-488_DAPI_2024-04-19_F04,"['/Users/quillan/Documents/Lab/Thesis/Chevron Analysis/Analysis_1/processed_images/Inpp5e_2dpf_4D9-488_DAPI_2024-04-19_F04_somite_4_mp_5.png', '/Users/quillan/Documents/Lab/Thesis/Chevron Analysis/Analysis_1/processed_images/Inpp5e_2dpf_4D9-488_DAPI_2024-04-19_F04_somite_4_mp_6.png', '/Users/quillan/Documents/Lab/Thesis/Chevron Analysis/Analysis_1/processed_images/Inpp5e_2dpf_4D9-488_DAPI_2024-04-19_F04_somite_4_mp_7.png', '/Users/quillan/Documents/Lab/Thesis/Chevron Analysis/Analysis_1/processed_images/Inpp5e_2dpf_4D9-488_DAPI_2024-04-19_F04_somite_4_mp_8.png']",/Users/quillan/Documents/Lab/Thesis/Chevron Analysis/Analysis_1/processed_images/Inpp5e_2dpf_4D9-488_DAPI_2024-04-19_F04_whole_outlined.png
5,5,1,6,Inpp5e_2dpf_4D9-488_DAPI_2024-04-19_F04,['/Users/quillan/Documents/Lab/Thesis/Chevron Analysis/Analysis_1/processed_images/Inpp5e_2dpf_4D9-488_DAPI_2024-04-19_F04_somite_5_mp_9.png'],/Users/quillan/Documents/Lab/Thesis/Chevron Analysis/Analysis_1/processed_images/Inpp5e_2dpf_4D9-488_DAPI_2024-04-19_F04_whole_outlined.png
6,6,2,3,Inpp5e_2dpf_4D9-488_DAPI_2024-04-19_F04,"['/Users/quillan/Documents/Lab/Thesis/Chevron Analysis/Analysis_1/processed_images/Inpp5e_2dpf_4D9-488_DAPI_2024-04-19_F04_somite_6_mp_11.png', '/Users/quillan/Documents/Lab/Thesis/Chevron Analysis/Analysis_1/processed_images/Inpp5e_2dpf_4D9-488_DAPI_2024-04-19_F04_somite_6_mp_12.png']",/Users/quillan/Documents/Lab/Thesis/Chevron Analysis/Analysis_1/processed_images/Inpp5e_2dpf_4D9-488_DAPI_2024-04-19_F04_whole_outlined.png
7,7,0,4,Inpp5e_2dpf_4D9-488_DAPI_2024-04-19_F04,[],/Users/quillan/Documents/Lab/Thesis/Chevron Analysis/Analysis_1/processed_images/Inpp5e_2dpf_4D9-488_DAPI_2024-04-19_F04_whole_outlined.png
8,8,0,4,Inpp5e_2dpf_4D9-488_DAPI_2024-04-19_F04,[],/Users/quillan/Documents/Lab/Thesis/Chevron Analysis/Analysis_1/processed_images/Inpp5e_2dpf_4D9-488_DAPI_2024-04-19_F04_whole_outlined.png
9,9,0,4,Inpp5e_2dpf_4D9-488_DAPI_2024-04-19_F04,[],/Users/quillan/Documents/Lab/Thesis/Chevron Analysis/Analysis_1/processed_images/Inpp5e_2dpf_4D9-488_DAPI_2024-04-19_F04_whole_outlined.png
0,0,0,3,Inpp5e_2dpf_4D9-488_DAPI_2024-04-19_F05,[],/Users/quillan/Documents/Lab/Thesis/Chevron Analysis/Analysis_1/processed_images/Inpp5e_2dpf_4D9-488_DAPI_2024-04-19_F05_whole_outlined.png
1,1,1,3,Inpp5e_2dpf_4D9-488_DAPI_2024-04-19_F05,['/Users/quillan/Documents/Lab/Thesis/Chevron Analysis/Analysis_1/processed_images/Inpp5e_2dpf_4D9-488_DAPI_2024-04-19_F05_somite_1_mp_6.png'],/Users/quillan/Documents/Lab/Thesis/Chevron Analysis/Analysis_1/processed_images/Inpp5e_2dpf_4D9-488_DAPI_2024-04-19_F05_whole_outlined.png
2,2,0,4,Inpp5e_2dpf_4D9-488_DAPI_2024-04-19_F05,[],/Users/quillan/Documents/Lab/Thesis/Chevron Analysis/Analysis_1/processed_images/Inpp5e_2dpf_4D9-488_DAPI_2024-04-19_F05_whole_outlined.png
3,3,5,5,Inpp5e_2dpf_4D9-488_DAPI_2024-04-19_F05,"['/Users/quillan/Documents/Lab/Thesis/Chevron Analysis/Analysis_1/processed_images/Inpp5e_2dpf_4D9-488_DAPI_2024-04-19_F05_somite_3_mp_3.png', '/Users/quillan/Documents/Lab/Thesis/Chevron Analysis/Analysis_1/processed_images/Inpp5e_2dpf_4D9-488_DAPI_2024-04-19_F05_somite_3_mp_4.png', '/Users/quillan/Documents/Lab/Thesis/Chevron Analysis/Analysis_1/processed_images/Inpp5e_2dpf_4D9-488_DAPI_2024-04-19_F05_somite_3_mp_5.png', '/Users/quillan/Documents/Lab/Thesis/Chevron Analysis/Analysis_1/processed_images/Inpp5e_2dpf_4D9-488_DAPI_2024-04-19_F05_somite_3_mp_11.png', '/Users/quillan/Documents/Lab/Thesis/Chevron Analysis/Analysis_1/processed_images/Inpp5e_2dpf_4D9-488_DAPI_2024-04-19_F05_somite_3_mp_12.png']",/Users/quillan/Documents/Lab/Thesis/Chevron Analysis/Analysis_1/processed_images/Inpp5e_2dpf_4D9-488_DAPI_2024-04-19_F05_whole_outlined.png
4,4,1,3,Inpp5e_2dpf_4D9-488_DAPI_2024-04-19_F05,['/Users/quillan/Documents/Lab/Thesis/Chevron Analysis/Analysis_1/processed_images/Inpp5e_2dpf_4D9-488_DAPI_2024-04-19_F05_somite_4_mp_10.png'],/Users/quillan/Documents/Lab/Thesis/Chevron Analysis/Analysis_1/processed_images/Inpp5e_2dpf_4D9-488_DAPI_2024-04-19_F05_whole_outlined.png
5,5,2,2,Inpp5e_2dpf_4D9-488_DAPI_2024-04-19_F05,"['/Users/quillan/Documents/Lab/Thesis/Chevron Analysis/Analysis_1/processed_images/Inpp5e_2dpf_4D9-488_DAPI_2024-04-19_F05_somite_5_mp_13.png', '/Users/quillan/Documents/Lab/Thesis/Chevron Analysis/Analysis_1/processed_images/Inpp5e_2dpf_4D9-488_DAPI_2024-04-19_F05_somite_5_mp_15.png']",/Users/quillan/Documents/Lab/Thesis/Chevron Analysis/Analysis_1/processed_images/Inpp5e_2dpf_4D9-488_DAPI_2024-04-19_F05_whole_outlined.png
6,6,2,2,Inpp5e_2dpf_4D9-488_DAPI_2024-04-19_F05,"['/Users/quillan/Documents/Lab/Thesis/Chevron Analysis/Analysis_1/processed_images/Inpp5e_2dpf_4D9-488_DAPI_2024-04-19_F05_somite_6_mp_16.png', '/Users/quillan/Documents/Lab/Thesis/Chevron Analysis/Analysis_1/processed_images/Inpp5e_2dpf_4D9-488_DAPI_2024-04-19_F05_somite_6_mp_17.png']",/Users/quillan/Documents/Lab/Thesis/Chevron Analysis/Analysis_1/processed_images/Inpp5e_2dpf_4D9-488_DAPI_2024-04-19_F05_whole_outlined.png
7,7,1,3,Inpp5e_2dpf_4D9-488_DAPI_2024-04-19_F05,['/Users/quillan/Documents/Lab/Thesis/Chevron Analysis/Analysis_1/processed_images/Inpp5e_2dpf_4D9-488_DAPI_2024-04-19_F05_somite_7_mp_8.png'],/Users/quillan/Documents/Lab/Thesis/Chevron Analysis/Analysis_1/processed_images/Inpp5e_2dpf_4D9-488_DAPI_2024-04-19_F05_whole_outlined.png
0,0,4,4,Inpp5e_2dpf_4D9-488_DAPI_2024-04-19_F06,"['/Users/quillan/Documents/Lab/Thesis/Chevron Analysis/Analysis_1/processed_images/Inpp5e_2dpf_4D9-488_DAPI_2024-04-19_F06_somite_0_mp_1.png', '/Users/quillan/Documents/Lab/Thesis/Chevron Analysis/Analysis_1/processed_images/Inpp5e_2dpf_4D9-488_DAPI_2024-04-19_F06_somite_0_mp_2.png', '/Users/quillan/Documents/Lab/Thesis/Chevron Analysis/Analysis_1/processed_images/Inpp5e_2dpf_4D9-488_DAPI_2024-04-19_F06_somite_0_mp_8.png', '/Users/quillan/Documents/Lab/Thesis/Chevron Analysis/Analysis_1/processed_images/Inpp5e_2dpf_4D9-488_DAPI_2024-04-19_F06_somite_0_mp_9.png']",/Users/quillan/Documents/Lab/Thesis/Chevron Analysis/Analysis_1/processed_images/Inpp5e_2dpf_4D9-488_DAPI_2024-04-19_F06_whole_outlined.png
1,1,5,5,Inpp5e_2dpf_4D9-488_DAPI_2024-04-19_F06,"['/Users/quillan/Documents/Lab/Thesis/Chevron Analysis/Analysis_1/processed_images/Inpp5e_2dpf_4D9-488_DAPI_2024-04-19_F06_somite_1_mp_0.png', '/Users/quillan/Documents/Lab/Thesis/Chevron Analysis/Analysis_1/processed_images/Inpp5e_2dpf_4D9-488_DAPI_2024-04-19_F06_somite_1_mp_3.png', '/Users/quillan/Documents/Lab/Thesis/Chevron Analysis/Analysis_1/processed_images/Inpp5e_2dpf_4D9-488_DAPI_2024-04-19_F06_somite_1_mp_4.png', '/Users/quillan/Documents/Lab/Thesis/Chevron Analysis/Analysis_1/processed_images/Inpp5e_2dpf_4D9-488_DAPI_2024-04-19_F06_somite_1_mp_10.png', '/Users/quillan/Documents/Lab/Thesis/Chevron Analysis/Analysis_1/processed_images/Inpp5e_2dpf_4D9-488_DAPI_2024-04-19_F06_somite_1_mp_11.png']",/Users/quillan/Documents/Lab/Thesis/Chevron Analysis/Analysis_1/processed_images/Inpp5e_2dpf_4D9-488_DAPI_2024-04-19_F06_whole_outlined.png
2,2,2,4,Inpp5e_2dpf_4D9-488_DAPI_2024-04-19_F06,"['/Users/quillan/Documents/Lab/Thesis/Chevron Analysis/Analysis_1/processed_images/Inpp5e_2dpf_4D9-488_DAPI_2024-04-19_F06_somite_2_mp_6.png', '/Users/quillan/Documents/Lab/Thesis/Chevron Analysis/Analysis_1/processed_images/Inpp5e_2dpf_4D9-488_DAPI_2024-04-19_F06_somite_2_mp_7.png']",/Users/quillan/Documents/Lab/Thesis/Chevron Analysis/Analysis_1/processed_images/Inpp5e_2dpf_4D9-488_DAPI_2024-04-19_F06_whole_outlined.png
3,3,1,4,Inpp5e_2dpf_4D9-488_DAPI_2024-04-19_F06,['/Users/quillan/Documents/Lab/Thesis/Chevron Analysis/Analysis_1/processed_images/Inpp5e_2dpf_4D9-488_DAPI_2024-04-19_F06_somite_3_mp_14.png'],/Users/quillan/Documents/Lab/Thesis/Chevron Analysis/Analysis_1/processed_images/Inpp5e_2dpf_4D9-488_DAPI_2024-04-19_F06_whole_outlined.png
4,4,3,3,Inpp5e_2dpf_4D9-488_DAPI_2024-04-19_F06,"['/Users/quillan/Documents/Lab/Thesis/Chevron Analysis/Analysis_1/processed_images/Inpp5e_2dpf_4D9-488_DAPI_2024-04-19_F06_somite_4_mp_12.png', '/Users/quillan/Documents/Lab/Thesis/Chevron Analysis/Analysis_1/processed_images/Inpp5e_2dpf_4D9-488_DAPI_2024-04-19_F06_somite_4_mp_13.png', '/Users/quillan/Documents/Lab/Thesis/Chevron Analysis/Analysis_1/processed_images/Inpp5e_2dpf_4D9-488_DAPI_2024-04-19_F06_somite_4_mp_26.png']",/Users/quillan/Documents/Lab/Thesis/Chevron Analysis/Analysis_1/processed_images/Inpp5e_2dpf_4D9-488_DAPI_2024-04-19_F06_whole_outlined.png
5,5,3,4,Inpp5e_2dpf_4D9-488_DAPI_2024-04-19_F06,"['/Users/quillan/Documents/Lab/Thesis/Chevron Analysis/Analysis_1/processed_images/Inpp5e_2dpf_4D9-488_DAPI_2024-04-19_F06_somite_5_mp_15.png', '/Users/quillan/Documents/Lab/Thesis/Chevron Analysis/Analysis_1/processed_images/Inpp5e_2dpf_4D9-488_DAPI_2024-04-19_F06_somite_5_mp_16.png', '/Users/quillan/Documents/Lab/Thesis/Chevron Analysis/Analysis_1/processed_images/Inpp5e_2dpf_4D9-488_DAPI_2024-04-19_F06_somite_5_mp_28.png']",/Users/quillan/Documents/Lab/Thesis/Chevron Analysis/Analysis_1/processed_images/Inpp5e_2dpf_4D9-488_DAPI_2024-04-19_F06_whole_outlined.png
6,6,2,5,Inpp5e_2dpf_4D9-488_DAPI_2024-04-19_F06,"['/Users/quillan/Documents/Lab/Thesis/Chevron Analysis/Analysis_1/processed_images/Inpp5e_2dpf_4D9-488_DAPI_2024-04-19_F06_somite_6_mp_18.png', '/Users/quillan/Documents/Lab/Thesis/Chevron Analysis/Analysis_1/processed_images/Inpp5e_2dpf_4D9-488_DAPI_2024-04-19_F06_somite_6_mp_19.png']",/Users/quillan/Documents/Lab/Thesis/Chevron Analysis/Analysis_1/processed_images/Inpp5e_2dpf_4D9-488_DAPI_2024-04-19_F06_whole_outlined.png
7,7,1,5,Inpp5e_2dpf_4D9-488_DAPI_2024-04-19_F06,['/Users/quillan/Documents/Lab/Thesis/Chevron Analysis/Analysis_1/processed_images/Inpp5e_2dpf_4D9-488_DAPI_2024-04-19_F06_somite_7_mp_31.png'],/Users/quillan/Documents/Lab/Thesis/Chevron Analysis/Analysis_1/processed_images/Inpp5e_2dpf_4D9-488_DAPI_2024-04-19_F06_whole_outlined.png
8,8,4,3,Inpp5e_2dpf_4D9-488_DAPI_2024-04-19_F06,"['/Users/quillan/Documents/Lab/Thesis/Chevron Analysis/Analysis_1/processed_images/Inpp5e_2dpf_4D9-488_DAPI_2024-04-19_F06_somite_8_mp_20.png', '/Users/quillan/Documents/Lab/Thesis/Chevron Analysis/Analysis_1/processed_images/Inpp5e_2dpf_4D9-488_DAPI_2024-04-19_F06_somite_8_mp_21.png', '/Users/quillan/Documents/Lab/Thesis/Chevron Analysis/Analysis_1/processed_images/Inpp5e_2dpf_4D9-488_DAPI_2024-04-19_F06_somite_8_mp_22.png', '/Users/quillan/Documents/Lab/Thesis/Chevron Analysis/Analysis_1/processed_images/Inpp5e_2dpf_4D9-488_DAPI_2024-04-19_F06_somite_8_mp_23.png']",/Users/quillan/Documents/Lab/Thesis/Chevron Analysis/Analysis_1/processed_images/Inpp5e_2dpf_4D9-488_DAPI_2024-04-19_F06_whole_outlined.png
9,9,1,2,Inpp5e_2dpf_4D9-488_DAPI_2024-04-19_F06,['/Users/quillan/Documents/Lab/Thesis/Chevron Analysis/Analysis_1/processed_images/Inpp5e_2dpf_4D9-488_DAPI_2024-04-19_F06_somite_9_mp_36.png'],/Users/quillan/Documents/Lab/Thesis/Chevron Analysis/Analysis_1/processed_images/Inpp5e_2dpf_4D9-488_DAPI_2024-04-19_F06_whole_outlined.png
0,0,0,4,Inpp5e_2dpf_4D9-488_DAPI_2024-04-19_F07,[],/Users/quillan/Documents/Lab/Thesis/Chevron Analysis/Analysis_1/processed_images/Inpp5e_2dpf_4D9-488_DAPI_2024-04-19_F07_whole_outlined.png
1,1,2,4,Inpp5e_2dpf_4D9-488_DAPI_2024-04-19_F07,"['/Users/quillan/Documents/Lab/Thesis/Chevron Analysis/Analysis_1/processed_images/Inpp5e_2dpf_4D9-488_DAPI_2024-04-19_F07_somite_1_mp_6.png', '/Users/quillan/Documents/Lab/Thesis/Chevron Analysis/Analysis_1/processed_images/Inpp5e_2dpf_4D9-488_DAPI_2024-04-19_F07_somite_1_mp_9.png']",/Users/quillan/Documents/Lab/Thesis/Chevron Analysis/Analysis_1/processed_images/Inpp5e_2dpf_4D9-488_DAPI_2024-04-19_F07_whole_outlined.png
2,2,1,3,Inpp5e_2dpf_4D9-488_DAPI_2024-04-19_F07,['/Users/quillan/Documents/Lab/Thesis/Chevron Analysis/Analysis_1/processed_images/Inpp5e_2dpf_4D9-488_DAPI_2024-04-19_F07_somite_2_mp_7.png'],/Users/quillan/Documents/Lab/Thesis/Chevron Analysis/Analysis_1/processed_images/Inpp5e_2dpf_4D9-488_DAPI_2024-04-19_F07_whole_outlined.png
3,3,1,3,Inpp5e_2dpf_4D9-488_DAPI_2024-04-19_F07,['/Users/quillan/Documents/Lab/Thesis/Chevron Analysis/Analysis_1/processed_images/Inpp5e_2dpf_4D9-488_DAPI_2024-04-19_F07_somite_3_mp_8.png'],/Users/quillan/Documents/Lab/Thesis/Chevron Analysis/Analysis_1/processed_images/Inpp5e_2dpf_4D9-488_DAPI_2024-04-19_F07_whole_outlined.png
4,4,1,3,Inpp5e_2dpf_4D9-488_DAPI_2024-04-19_F07,['/Users/quillan/Documents/Lab/Thesis/Chevron Analysis/Analysis_1/processed_images/Inpp5e_2dpf_4D9-488_DAPI_2024-04-19_F07_somite_4_mp_10.png'],/Users/quillan/Documents/Lab/Thesis/Chevron Analysis/Analysis_1/processed_images/Inpp5e_2dpf_4D9-488_DAPI_2024-04-19_F07_whole_outlined.png
5,5,0,2,Inpp5e_2dpf_4D9-488_DAPI_2024-04-19_F07,[],/Users/quillan/Documents/Lab/Thesis/Chevron Analysis/Analysis_1/processed_images/Inpp5e_2dpf_4D9-488_DAPI_2024-04-19_F07_whole_outlined.png
6,6,0,5,Inpp5e_2dpf_4D9-488_DAPI_2024-04-19_F07,[],/Users/quillan/Documents/Lab/Thesis/Chevron Analysis/Analysis_1/processed_images/Inpp5e_2dpf_4D9-488_DAPI_2024-04-19_F07_whole_outlined.png
7,7,1,3,Inpp5e_2dpf_4D9-488_DAPI_2024-04-19_F07,['/Users/quillan/Documents/Lab/Thesis/Chevron Analysis/Analysis_1/processed_images/Inpp5e_2dpf_4D9-488_DAPI_2024-04-19_F07_somite_7_mp_11.png'],/Users/quillan/Documents/Lab/Thesis/Chevron Analysis/Analysis_1/processed_images/Inpp5e_2dpf_4D9-488_DAPI_2024-04-19_F07_whole_outlined.png
8,8,0,3,Inpp5e_2dpf_4D9-488_DAPI_2024-04-19_F07,[],/Users/quillan/Documents/Lab/Thesis/Chevron Analysis/Analysis_1/processed_images/Inpp5e_2dpf_4D9-488_DAPI_2024-04-19_F07_whole_outlined.png
0,0,0,5,Inpp5e_2dpf_4D9-488_DAPI_2024-04-19_F08,[],/Users/quillan/Documents/Lab/Thesis/Chevron Analysis/Analysis_1/processed_images/Inpp5e_2dpf_4D9-488_DAPI_2024-04-19_F08_whole_outlined.png
1,1,4,3,Inpp5e_2dpf_4D9-488_DAPI_2024-04-19_F08,"['/Users/quillan/Documents/Lab/Thesis/Chevron Analysis/Analysis_1/processed_images/Inpp5e_2dpf_4D9-488_DAPI_2024-04-19_F08_somite_1_mp_21.png', '/Users/quillan/Documents/Lab/Thesis/Chevron Analysis/Analysis_1/processed_images/Inpp5e_2dpf_4D9-488_DAPI_2024-04-19_F08_somite_1_mp_22.png', '/Users/quillan/Documents/Lab/Thesis/Chevron Analysis/Analysis_1/processed_images/Inpp5e_2dpf_4D9-488_DAPI_2024-04-19_F08_somite_1_mp_27.png', '/Users/quillan/Documents/Lab/Thesis/Chevron Analysis/Analysis_1/processed_images/Inpp5e_2dpf_4D9-488_DAPI_2024-04-19_F08_somite_1_mp_29.png']",/Users/quillan/Documents/Lab/Thesis/Chevron Analysis/Analysis_1/processed_images/Inpp5e_2dpf_4D9-488_DAPI_2024-04-19_F08_whole_outlined.png
2,2,5,3,Inpp5e_2dpf_4D9-488_DAPI_2024-04-19_F08,"['/Users/quillan/Documents/Lab/Thesis/Chevron Analysis/Analysis_1/processed_images/Inpp5e_2dpf_4D9-488_DAPI_2024-04-19_F08_somite_2_mp_18.png', '/Users/quillan/Documents/Lab/Thesis/Chevron Analysis/Analysis_1/processed_images/Inpp5e_2dpf_4D9-488_DAPI_2024-04-19_F08_somite_2_mp_19.png', '/Users/quillan/Documents/Lab/Thesis/Chevron Analysis/Analysis_1/processed_images/Inpp5e_2dpf_4D9-488_DAPI_2024-04-19_F08_somite_2_mp_20.png', '/Users/quillan/Documents/Lab/Thesis/Chevron Analysis/Analysis_1/processed_images/Inpp5e_2dpf_4D9-488_DAPI_2024-04-19_F08_somite_2_mp_23.png', '/Users/quillan/Documents/Lab/Thesis/Chevron Analysis/Analysis_1/processed_images/Inpp5e_2dpf_4D9-488_DAPI_2024-04-19_F08_somite_2_mp_25.png']",/Users/quillan/Documents/Lab/Thesis/Chevron Analysis/Analysis_1/processed_images/Inpp5e_2dpf_4D9-488_DAPI_2024-04-19_F08_whole_outlined.png
3,3,3,1,Inpp5e_2dpf_4D9-488_DAPI_2024-04-19_F08,"['/Users/quillan/Documents/Lab/Thesis/Chevron Analysis/Analysis_1/processed_images/Inpp5e_2dpf_4D9-488_DAPI_2024-04-19_F08_somite_3_mp_5.png', '/Users/quillan/Documents/Lab/Thesis/Chevron Analysis/Analysis_1/processed_images/Inpp5e_2dpf_4D9-488_DAPI_2024-04-19_F08_somite_3_mp_16.png', '/Users/quillan/Documents/Lab/Thesis/Chevron Analysis/Analysis_1/processed_images/Inpp5e_2dpf_4D9-488_DAPI_2024-04-19_F08_somite_3_mp_17.png']",/Users/quillan/Documents/Lab/Thesis/Chevron Analysis/Analysis_1/processed_images/Inpp5e_2dpf_4D9-488_DAPI_2024-04-19_F08_whole_outlined.png
4,4,2,2,Inpp5e_2dpf_4D9-488_DAPI_2024-04-19_F08,"['/Users/quillan/Documents/Lab/Thesis/Chevron Analysis/Analysis_1/processed_images/Inpp5e_2dpf_4D9-488_DAPI_2024-04-19_F08_somite_4_mp_4.png', '/Users/quillan/Documents/Lab/Thesis/Chevron Analysis/Analysis_1/processed_images/Inpp5e_2dpf_4D9-488_DAPI_2024-04-19_F08_somite_4_mp_15.png']",/Users/quillan/Documents/Lab/Thesis/Chevron Analysis/Analysis_1/processed_images/Inpp5e_2dpf_4D9-488_DAPI_2024-04-19_F08_whole_outlined.png
5,5,2,2,Inpp5e_2dpf_4D9-488_DAPI_2024-04-19_F08,"['/Users/quillan/Documents/Lab/Thesis/Chevron Analysis/Analysis_1/processed_images/Inpp5e_2dpf_4D9-488_DAPI_2024-04-19_F08_somite_5_mp_13.png', '/Users/quillan/Documents/Lab/Thesis/Chevron Analysis/Analysis_1/processed_images/Inpp5e_2dpf_4D9-488_DAPI_2024-04-19_F08_somite_5_mp_14.png']",/Users/quillan/Documents/Lab/Thesis/Chevron Analysis/Analysis_1/processed_images/Inpp5e_2dpf_4D9-488_DAPI_2024-04-19_F08_whole_outlined.png
6,6,2,4,Inpp5e_2dpf_4D9-488_DAPI_2024-04-19_F08,"['/Users/quillan/Documents/Lab/Thesis/Chevron Analysis/Analysis_1/processed_images/Inpp5e_2dpf_4D9-488_DAPI_2024-04-19_F08_somite_6_mp_11.png', '/Users/quillan/Documents/Lab/Thesis/Chevron Analysis/Analysis_1/processed_images/Inpp5e_2dpf_4D9-488_DAPI_2024-04-19_F08_somite_6_mp_12.png']",/Users/quillan/Documents/Lab/Thesis/Chevron Analysis/Analysis_1/processed_images/Inpp5e_2dpf_4D9-488_DAPI_2024-04-19_F08_whole_outlined.png
7,7,3,3,Inpp5e_2dpf_4D9-488_DAPI_2024-04-19_F08,"['/Users/quillan/Documents/Lab/Thesis/Chevron Analysis/Analysis_1/processed_images/Inpp5e_2dpf_4D9-488_DAPI_2024-04-19_F08_somite_7_mp_7.png', '/Users/quillan/Documents/Lab/Thesis/Chevron Analysis/Analysis_1/processed_images/Inpp5e_2dpf_4D9-488_DAPI_2024-04-19_F08_somite_7_mp_8.png', '/Users/quillan/Documents/Lab/Thesis/Chevron Analysis/Analysis_1/processed_images/Inpp5e_2dpf_4D9-488_DAPI_2024-04-19_F08_somite_7_mp_10.png']",/Users/quillan/Documents/Lab/Thesis/Chevron Analysis/Analysis_1/processed_images/Inpp5e_2dpf_4D9-488_DAPI_2024-04-19_F08_whole_outlined.png
0,0,1,4,Inpp5e_2dpf_4D9-488_DAPI_2024-04-19_F09,['/Users/quillan/Documents/Lab/Thesis/Chevron Analysis/Analysis_1/processed_images/Inpp5e_2dpf_4D9-488_DAPI_2024-04-19_F09_somite_0_mp_25.png'],/Users/quillan/Documents/Lab/Thesis/Chevron Analysis/Analysis_1/processed_images/Inpp5e_2dpf_4D9-488_DAPI_2024-04-19_F09_whole_outlined.png
1,1,4,4,Inpp5e_2dpf_4D9-488_DAPI_2024-04-19_F09,"['/Users/quillan/Documents/Lab/Thesis/Chevron Analysis/Analysis_1/processed_images/Inpp5e_2dpf_4D9-488_DAPI_2024-04-19_F09_somite_1_mp_4.png', '/Users/quillan/Documents/Lab/Thesis/Chevron Analysis/Analysis_1/processed_images/Inpp5e_2dpf_4D9-488_DAPI_2024-04-19_F09_somite_1_mp_5.png', '/Users/quillan/Documents/Lab/Thesis/Chevron Analysis/Analysis_1/processed_images/Inpp5e_2dpf_4D9-488_DAPI_2024-04-19_F09_somite_1_mp_19.png', '/Users/quillan/Documents/Lab/Thesis/Chevron Analysis/Analysis_1/processed_images/Inpp5e_2dpf_4D9-488_DAPI_2024-04-19_F09_somite_1_mp_26.png']",/Users/quillan/Documents/Lab/Thesis/Chevron Analysis/Analysis_1/processed_images/Inpp5e_2dpf_4D9-488_DAPI_2024-04-19_F09_whole_outlined.png
2,2,2,3,Inpp5e_2dpf_4D9-488_DAPI_2024-04-19_F09,"['/Users/quillan/Documents/Lab/Thesis/Chevron Analysis/Analysis_1/processed_images/Inpp5e_2dpf_4D9-488_DAPI_2024-04-19_F09_somite_2_mp_12.png', '/Users/quillan/Documents/Lab/Thesis/Chevron Analysis/Analysis_1/processed_images/Inpp5e_2dpf_4D9-488_DAPI_2024-04-19_F09_somite_2_mp_20.png']",/Users/quillan/Documents/Lab/Thesis/Chevron Analysis/Analysis_1/processed_images/Inpp5e_2dpf_4D9-488_DAPI_2024-04-19_F09_whole_outlined.png
3,3,0,4,Inpp5e_2dpf_4D9-488_DAPI_2024-04-19_F09,[],/Users/quillan/Documents/Lab/Thesis/Chevron Analysis/Analysis_1/processed_images/Inpp5e_2dpf_4D9-488_DAPI_2024-04-19_F09_whole_outlined.png
4,4,2,3,Inpp5e_2dpf_4D9-488_DAPI_2024-04-19_F09,"['/Users/quillan/Documents/Lab/Thesis/Chevron Analysis/Analysis_1/processed_images/Inpp5e_2dpf_4D9-488_DAPI_2024-04-19_F09_somite_4_mp_14.png', '/Users/quillan/Documents/Lab/Thesis/Chevron Analysis/Analysis_1/processed_images/Inpp5e_2dpf_4D9-488_DAPI_2024-04-19_F09_somite_4_mp_15.png']",/Users/quillan/Documents/Lab/Thesis/Chevron Analysis/Analysis_1/processed_images/Inpp5e_2dpf_4D9-488_DAPI_2024-04-19_F09_whole_outlined.png
5,5,2,3,Inpp5e_2dpf_4D9-488_DAPI_2024-04-19_F09,"['/Users/quillan/Documents/Lab/Thesis/Chevron Analysis/Analysis_1/processed_images/Inpp5e_2dpf_4D9-488_DAPI_2024-04-19_F09_somite_5_mp_10.png', '/Users/quillan/Documents/Lab/Thesis/Chevron Analysis/Analysis_1/processed_images/Inpp5e_2dpf_4D9-488_DAPI_2024-04-19_F09_somite_5_mp_27.png']",/Users/quillan/Documents/Lab/Thesis/Chevron Analysis/Analysis_1/processed_images/Inpp5e_2dpf_4D9-488_DAPI_2024-04-19_F09_whole_outlined.png
6,6,2,2,Inpp5e_2dpf_4D9-488_DAPI_2024-04-19_F09,"['/Users/quillan/Documents/Lab/Thesis/Chevron Analysis/Analysis_1/processed_images/Inpp5e_2dpf_4D9-488_DAPI_2024-04-19_F09_somite_6_mp_23.png', '/Users/quillan/Documents/Lab/Thesis/Chevron Analysis/Analysis_1/processed_images/Inpp5e_2dpf_4D9-488_DAPI_2024-04-19_F09_somite_6_mp_29.png']",/Users/quillan/Documents/Lab/Thesis/Chevron Analysis/Analysis_1/processed_images/Inpp5e_2dpf_4D9-488_DAPI_2024-04-19_F09_whole_outlined.png
7,7,0,0,Inpp5e_2dpf_4D9-488_DAPI_2024-04-19_F09,[],/Users/quillan/Documents/Lab/Thesis/Chevron Analysis/Analysis_1/processed_images/Inpp5e_2dpf_4D9-488_DAPI_2024-04-19_F09_whole_outlined.png
8,8,2,1,Inpp5e_2dpf_4D9-488_DAPI_2024-04-19_F09,"['/Users/quillan/Documents/Lab/Thesis/Chevron Analysis/Analysis_1/processed_images/Inpp5e_2dpf_4D9-488_DAPI_2024-04-19_F09_somite_8_mp_17.png', '/Users/quillan/Documents/Lab/Thesis/Chevron Analysis/Analysis_1/processed_images/Inpp5e_2dpf_4D9-488_DAPI_2024-04-19_F09_somite_8_mp_24.png']",/Users/quillan/Documents/Lab/Thesis/Chevron Analysis/Analysis_1/processed_images/Inpp5e_2dpf_4D9-488_DAPI_2024-04-19_F09_whole_outlined.png
0,0,1,4,WT_2dpf_4D9-488_DAPI_2024-04-19_F0,['/Users/quillan/Documents/Lab/Thesis/Chevron Analysis/Analysis_1/processed_images/WT_2dpf_4D9-488_DAPI_2024-04-19_F0_somite_0_mp_28.png'],/Users/quillan/Documents/Lab/Thesis/Chevron Analysis/Analysis_1/processed_images/WT_2dpf_4D9-488_DAPI_2024-04-19_F0_whole_outlined.png
1,1,0,5,WT_2dpf_4D9-488_DAPI_2024-04-19_F0,[],/Users/quillan/Documents/Lab/Thesis/Chevron Analysis/Analysis_1/processed_images/WT_2dpf_4D9-488_DAPI_2024-04-19_F0_whole_outlined.png
2,2,2,3,WT_2dpf_4D9-488_DAPI_2024-04-19_F0,"['/Users/quillan/Documents/Lab/Thesis/Chevron Analysis/Analysis_1/processed_images/WT_2dpf_4D9-488_DAPI_2024-04-19_F0_somite_2_mp_32.png', '/Users/quillan/Documents/Lab/Thesis/Chevron Analysis/Analysis_1/processed_images/WT_2dpf_4D9-488_DAPI_2024-04-19_F0_somite_2_mp_33.png']",/Users/quillan/Documents/Lab/Thesis/Chevron Analysis/Analysis_1/processed_images/WT_2dpf_4D9-488_DAPI_2024-04-19_F0_whole_outlined.png
3,3,1,5,WT_2dpf_4D9-488_DAPI_2024-04-19_F0,['/Users/quillan/Documents/Lab/Thesis/Chevron Analysis/Analysis_1/processed_images/WT_2dpf_4D9-488_DAPI_2024-04-19_F0_somite_3_mp_30.png'],/Users/quillan/Documents/Lab/Thesis/Chevron Analysis/Analysis_1/processed_images/WT_2dpf_4D9-488_DAPI_2024-04-19_F0_whole_outlined.png
4,4,0,4,WT_2dpf_4D9-488_DAPI_2024-04-19_F0,[],/Users/quillan/Documents/Lab/Thesis/Chevron Analysis/Analysis_1/processed_images/WT_2dpf_4D9-488_DAPI_2024-04-19_F0_whole_outlined.png
0,0,2,4,WT_2dpf_4D9-488_DAPI_2024-04-19_F1,"['/Users/quillan/Documents/Lab/Thesis/Chevron Analysis/Analysis_1/processed_images/WT_2dpf_4D9-488_DAPI_2024-04-19_F1_somite_0_mp_8.png', '/Users/quillan/Documents/Lab/Thesis/Chevron Analysis/Analysis_1/processed_images/WT_2dpf_4D9-488_DAPI_2024-04-19_F1_somite_0_mp_9.png']",/Users/quillan/Documents/Lab/Thesis/Chevron Analysis/Analysis_1/processed_images/WT_2dpf_4D9-488_DAPI_2024-04-19_F1_whole_outlined.png
1,1,1,6,WT_2dpf_4D9-488_DAPI_2024-04-19_F1,['/Users/quillan/Documents/Lab/Thesis/Chevron Analysis/Analysis_1/processed_images/WT_2dpf_4D9-488_DAPI_2024-04-19_F1_somite_1_mp_15.png'],/Users/quillan/Documents/Lab/Thesis/Chevron Analysis/Analysis_1/processed_images/WT_2dpf_4D9-488_DAPI_2024-04-19_F1_whole_outlined.png
2,2,2,6,WT_2dpf_4D9-488_DAPI_2024-04-19_F1,"['/Users/quillan/Documents/Lab/Thesis/Chevron Analysis/Analysis_1/processed_images/WT_2dpf_4D9-488_DAPI_2024-04-19_F1_somite_2_mp_10.png', '/Users/quillan/Documents/Lab/Thesis/Chevron Analysis/Analysis_1/processed_images/WT_2dpf_4D9-488_DAPI_2024-04-19_F1_somite_2_mp_16.png']",/Users/quillan/Documents/Lab/Thesis/Chevron Analysis/Analysis_1/processed_images/WT_2dpf_4D9-488_DAPI_2024-04-19_F1_whole_outlined.png
3,3,2,6,WT_2dpf_4D9-488_DAPI_2024-04-19_F1,"['/Users/quillan/Documents/Lab/Thesis/Chevron Analysis/Analysis_1/processed_images/WT_2dpf_4D9-488_DAPI_2024-04-19_F1_somite_3_mp_11.png', '/Users/quillan/Documents/Lab/Thesis/Chevron Analysis/Analysis_1/processed_images/WT_2dpf_4D9-488_DAPI_2024-04-19_F1_somite_3_mp_18.png']",/Users/quillan/Documents/Lab/Thesis/Chevron Analysis/Analysis_1/processed_images/WT_2dpf_4D9-488_DAPI_2024-04-19_F1_whole_outlined.png
4,4,1,5,WT_2dpf_4D9-488_DAPI_2024-04-19_F1,['/Users/quillan/Documents/Lab/Thesis/Chevron Analysis/Analysis_1/processed_images/WT_2dpf_4D9-488_DAPI_2024-04-19_F1_somite_4_mp_12.png'],/Users/quillan/Documents/Lab/Thesis/Chevron Analysis/Analysis_1/processed_images/WT_2dpf_4D9-488_DAPI_2024-04-19_F1_whole_outlined.png
5,5,2,4,WT_2dpf_4D9-488_DAPI_2024-04-19_F1,"['/Users/quillan/Documents/Lab/Thesis/Chevron Analysis/Analysis_1/processed_images/WT_2dpf_4D9-488_DAPI_2024-04-19_F1_somite_5_mp_13.png', '/Users/quillan/Documents/Lab/Thesis/Chevron Analysis/Analysis_1/processed_images/WT_2dpf_4D9-488_DAPI_2024-04-19_F1_somite_5_mp_14.png']",/Users/quillan/Documents/Lab/Thesis/Chevron Analysis/Analysis_1/processed_images/WT_2dpf_4D9-488_DAPI_2024-04-19_F1_whole_outlined.png
6,6,0,5,WT_2dpf_4D9-488_DAPI_2024-04-19_F1,[],/Users/quillan/Documents/Lab/Thesis/Chevron Analysis/Analysis_1/processed_images/WT_2dpf_4D9-488_DAPI_2024-04-19_F1_whole_outlined.png
0,0,0,3,WT_2dpf_4D9-488_DAPI_2024-04-19_F2,[],/Users/quillan/Documents/Lab/Thesis/Chevron Analysis/Analysis_1/processed_images/WT_2dpf_4D9-488_DAPI_2024-04-19_F2_whole_outlined.png
1,1,0,4,WT_2dpf_4D9-488_DAPI_2024-04-19_F2,[],/Users/quillan/Documents/Lab/Thesis/Chevron Analysis/Analysis_1/processed_images/WT_2dpf_4D9-488_DAPI_2024-04-19_F2_whole_outlined.png
2,2,0,3,WT_2dpf_4D9-488_DAPI_2024-04-19_F2,[],/Users/quillan/Documents/Lab/Thesis/Chevron Analysis/Analysis_1/processed_images/WT_2dpf_4D9-488_DAPI_2024-04-19_F2_whole_outlined.png
3,3,0,4,WT_2dpf_4D9-488_DAPI_2024-04-19_F2,[],/Users/quillan/Documents/Lab/Thesis/Chevron Analysis/Analysis_1/processed_images/WT_2dpf_4D9-488_DAPI_2024-04-19_F2_whole_outlined.png
4,4,0,4,WT_2dpf_4D9-488_DAPI_2024-04-19_F2,[],/Users/quillan/Documents/Lab/Thesis/Chevron Analysis/Analysis_1/processed_images/WT_2dpf_4D9-488_DAPI_2024-04-19_F2_whole_outlined.png
5,5,0,5,WT_2dpf_4D9-488_DAPI_2024-04-19_F2,[],/Users/quillan/Documents/Lab/Thesis/Chevron Analysis/Analysis_1/processed_images/WT_2dpf_4D9-488_DAPI_2024-04-19_F2_whole_outlined.png
6,6,0,4,WT_2dpf_4D9-488_DAPI_2024-04-19_F2,[],/Users/quillan/Documents/Lab/Thesis/Chevron Analysis/Analysis_1/processed_images/WT_2dpf_4D9-488_DAPI_2024-04-19_F2_whole_outlined.png
0,0,2,3,WT_2dpf_4D9-488_DAPI_2024-04-19_F3,"['/Users/quillan/Documents/Lab/Thesis/Chevron Analysis/Analysis_1/processed_images/WT_2dpf_4D9-488_DAPI_2024-04-19_F3_somite_0_mp_26.png', '/Users/quillan/Documents/Lab/Thesis/Chevron Analysis/Analysis_1/processed_images/WT_2dpf_4D9-488_DAPI_2024-04-19_F3_somite_0_mp_27.png']",/Users/quillan/Documents/Lab/Thesis/Chevron Analysis/Analysis_1/processed_images/WT_2dpf_4D9-488_DAPI_2024-04-19_F3_whole_outlined.png
1,1,3,6,WT_2dpf_4D9-488_DAPI_2024-04-19_F3,"['/Users/quillan/Documents/Lab/Thesis/Chevron Analysis/Analysis_1/processed_images/WT_2dpf_4D9-488_DAPI_2024-04-19_F3_somite_1_mp_12.png', '/Users/quillan/Documents/Lab/Thesis/Chevron Analysis/Analysis_1/processed_images/WT_2dpf_4D9-488_DAPI_2024-04-19_F3_somite_1_mp_15.png', '/Users/quillan/Documents/Lab/Thesis/Chevron Analysis/Analysis_1/processed_images/WT_2dpf_4D9-488_DAPI_2024-04-19_F3_somite_1_mp_28.png']",/Users/quillan/Documents/Lab/Thesis/Chevron Analysis/Analysis_1/processed_images/WT_2dpf_4D9-488_DAPI_2024-04-19_F3_whole_outlined.png
2,2,1,5,WT_2dpf_4D9-488_DAPI_2024-04-19_F3,['/Users/quillan/Documents/Lab/Thesis/Chevron Analysis/Analysis_1/processed_images/WT_2dpf_4D9-488_DAPI_2024-04-19_F3_somite_2_mp_14.png'],/Users/quillan/Documents/Lab/Thesis/Chevron Analysis/Analysis_1/processed_images/WT_2dpf_4D9-488_DAPI_2024-04-19_F3_whole_outlined.png
3,3,2,5,WT_2dpf_4D9-488_DAPI_2024-04-19_F3,"['/Users/quillan/Documents/Lab/Thesis/Chevron Analysis/Analysis_1/processed_images/WT_2dpf_4D9-488_DAPI_2024-04-19_F3_somite_3_mp_24.png', '/Users/quillan/Documents/Lab/Thesis/Chevron Analysis/Analysis_1/processed_images/WT_2dpf_4D9-488_DAPI_2024-04-19_F3_somite_3_mp_29.png']",/Users/quillan/Documents/Lab/Thesis/Chevron Analysis/Analysis_1/processed_images/WT_2dpf_4D9-488_DAPI_2024-04-19_F3_whole_outlined.png
4,4,2,4,WT_2dpf_4D9-488_DAPI_2024-04-19_F3,"['/Users/quillan/Documents/Lab/Thesis/Chevron Analysis/Analysis_1/processed_images/WT_2dpf_4D9-488_DAPI_2024-04-19_F3_somite_4_mp_21.png', '/Users/quillan/Documents/Lab/Thesis/Chevron Analysis/Analysis_1/processed_images/WT_2dpf_4D9-488_DAPI_2024-04-19_F3_somite_4_mp_23.png']",/Users/quillan/Documents/Lab/Thesis/Chevron Analysis/Analysis_1/processed_images/WT_2dpf_4D9-488_DAPI_2024-04-19_F3_whole_outlined.png
5,5,2,4,WT_2dpf_4D9-488_DAPI_2024-04-19_F3,"['/Users/quillan/Documents/Lab/Thesis/Chevron Analysis/Analysis_1/processed_images/WT_2dpf_4D9-488_DAPI_2024-04-19_F3_somite_5_mp_6.png', '/Users/quillan/Documents/Lab/Thesis/Chevron Analysis/Analysis_1/processed_images/WT_2dpf_4D9-488_DAPI_2024-04-19_F3_somite_5_mp_22.png']",/Users/quillan/Documents/Lab/Thesis/Chevron Analysis/Analysis_1/processed_images/WT_2dpf_4D9-488_DAPI_2024-04-19_F3_whole_outlined.png
6,6,2,2,WT_2dpf_4D9-488_DAPI_2024-04-19_F3,"['/Users/quillan/Documents/Lab/Thesis/Chevron Analysis/Analysis_1/processed_images/WT_2dpf_4D9-488_DAPI_2024-04-19_F3_somite_6_mp_19.png', '/Users/quillan/Documents/Lab/Thesis/Chevron Analysis/Analysis_1/processed_images/WT_2dpf_4D9-488_DAPI_2024-04-19_F3_somite_6_mp_30.png']",/Users/quillan/Documents/Lab/Thesis/Chevron Analysis/Analysis_1/processed_images/WT_2dpf_4D9-488_DAPI_2024-04-19_F3_whole_outlined.png
7,7,1,2,WT_2dpf_4D9-488_DAPI_2024-04-19_F3,['/Users/quillan/Documents/Lab/Thesis/Chevron Analysis/Analysis_1/processed_images/WT_2dpf_4D9-488_DAPI_2024-04-19_F3_somite_7_mp_25.png'],/Users/quillan/Documents/Lab/Thesis/Chevron Analysis/Analysis_1/processed_images/WT_2dpf_4D9-488_DAPI_2024-04-19_F3_whole_outlined.png
0,0,6,5,WT_2dpf_4D9-488_DAPI_2024-04-19_F4,"['/Users/quillan/Documents/Lab/Thesis/Chevron Analysis/Analysis_1/processed_images/WT_2dpf_4D9-488_DAPI_2024-04-19_F4_somite_0_mp_11.png', '/Users/quillan/Documents/Lab/Thesis/Chevron Analysis/Analysis_1/processed_images/WT_2dpf_4D9-488_DAPI_2024-04-19_F4_somite_0_mp_14.png', '/Users/quillan/Documents/Lab/Thesis/Chevron Analysis/Analysis_1/processed_images/WT_2dpf_4D9-488_DAPI_2024-04-19_F4_somite_0_mp_15.png', '/Users/quillan/Documents/Lab/Thesis/Chevron Analysis/Analysis_1/processed_images/WT_2dpf_4D9-488_DAPI_2024-04-19_F4_somite_0_mp_17.png', '/Users/quillan/Documents/Lab/Thesis/Chevron Analysis/Analysis_1/processed_images/WT_2dpf_4D9-488_DAPI_2024-04-19_F4_somite_0_mp_18.png', '/Users/quillan/Documents/Lab/Thesis/Chevron Analysis/Analysis_1/processed_images/WT_2dpf_4D9-488_DAPI_2024-04-19_F4_somite_0_mp_19.png']",/Users/quillan/Documents/Lab/Thesis/Chevron Analysis/Analysis_1/processed_images/WT_2dpf_4D9-488_DAPI_2024-04-19_F4_whole_outlined.png
1,1,5,4,WT_2dpf_4D9-488_DAPI_2024-04-19_F4,"['/Users/quillan/Documents/Lab/Thesis/Chevron Analysis/Analysis_1/processed_images/WT_2dpf_4D9-488_DAPI_2024-04-19_F4_somite_1_mp_2.png', '/Users/quillan/Documents/Lab/Thesis/Chevron Analysis/Analysis_1/processed_images/WT_2dpf_4D9-488_DAPI_2024-04-19_F4_somite_1_mp_3.png', '/Users/quillan/Documents/Lab/Thesis/Chevron Analysis/Analysis_1/processed_images/WT_2dpf_4D9-488_DAPI_2024-04-19_F4_somite_1_mp_20.png', '/Users/quillan/Documents/Lab/Thesis/Chevron Analysis/Analysis_1/processed_images/WT_2dpf_4D9-488_DAPI_2024-04-19_F4_somite_1_mp_23.png', '/Users/quillan/Documents/Lab/Thesis/Chevron Analysis/Analysis_1/processed_images/WT_2dpf_4D9-488_DAPI_2024-04-19_F4_somite_1_mp_24.png']",/Users/quillan/Documents/Lab/Thesis/Chevron Analysis/Analysis_1/processed_images/WT_2dpf_4D9-488_DAPI_2024-04-19_F4_whole_outlined.png
2,2,0,1,WT_2dpf_4D9-488_DAPI_2024-04-19_F4,[],/Users/quillan/Documents/Lab/Thesis/Chevron Analysis/Analysis_1/processed_images/WT_2dpf_4D9-488_DAPI_2024-04-19_F4_whole_outlined.png
3,3,1,4,WT_2dpf_4D9-488_DAPI_2024-04-19_F4,['/Users/quillan/Documents/Lab/Thesis/Chevron Analysis/Analysis_1/processed_images/WT_2dpf_4D9-488_DAPI_2024-04-19_F4_somite_3_mp_5.png'],/Users/quillan/Documents/Lab/Thesis/Chevron Analysis/Analysis_1/processed_images/WT_2dpf_4D9-488_DAPI_2024-04-19_F4_whole_outlined.png
4,4,1,2,WT_2dpf_4D9-488_DAPI_2024-04-19_F4,['/Users/quillan/Documents/Lab/Thesis/Chevron Analysis/Analysis_1/processed_images/WT_2dpf_4D9-488_DAPI_2024-04-19_F4_somite_4_mp_21.png'],/Users/quillan/Documents/Lab/Thesis/Chevron Analysis/Analysis_1/processed_images/WT_2dpf_4D9-488_DAPI_2024-04-19_F4_whole_outlined.png
5,5,2,4,WT_2dpf_4D9-488_DAPI_2024-04-19_F4,"['/Users/quillan/Documents/Lab/Thesis/Chevron Analysis/Analysis_1/processed_images/WT_2dpf_4D9-488_DAPI_2024-04-19_F4_somite_5_mp_8.png', '/Users/quillan/Documents/Lab/Thesis/Chevron Analysis/Analysis_1/processed_images/WT_2dpf_4D9-488_DAPI_2024-04-19_F4_somite_5_mp_25.png']",/Users/quillan/Documents/Lab/Thesis/Chevron Analysis/Analysis_1/processed_images/WT_2dpf_4D9-488_DAPI_2024-04-19_F4_whole_outlined.png
6,6,0,3,WT_2dpf_4D9-488_DAPI_2024-04-19_F4,[],/Users/quillan/Documents/Lab/Thesis/Chevron Analysis/Analysis_1/processed_images/WT_2dpf_4D9-488_DAPI_2024-04-19_F4_whole_outlined.png
7,7,0,3,WT_2dpf_4D9-488_DAPI_2024-04-19_F4,[],/Users/quillan/Documents/Lab/Thesis/Chevron Analysis/Analysis_1/processed_images/WT_2dpf_4D9-488_DAPI_2024-04-19_F4_whole_outlined.png
0,0,2,3,WT_2dpf_4D9-488_DAPI_2024-04-19_F5,"['/Users/quillan/Documents/Lab/Thesis/Chevron Analysis/Analysis_1/processed_images/WT_2dpf_4D9-488_DAPI_2024-04-19_F5_somite_0_mp_3.png', '/Users/quillan/Documents/Lab/Thesis/Chevron Analysis/Analysis_1/processed_images/WT_2dpf_4D9-488_DAPI_2024-04-19_F5_somite_0_mp_8.png']",/Users/quillan/Documents/Lab/Thesis/Chevron Analysis/Analysis_1/processed_images/WT_2dpf_4D9-488_DAPI_2024-04-19_F5_whole_outlined.png
1,1,1,4,WT_2dpf_4D9-488_DAPI_2024-04-19_F5,['/Users/quillan/Documents/Lab/Thesis/Chevron Analysis/Analysis_1/processed_images/WT_2dpf_4D9-488_DAPI_2024-04-19_F5_somite_1_mp_4.png'],/Users/quillan/Documents/Lab/Thesis/Chevron Analysis/Analysis_1/processed_images/WT_2dpf_4D9-488_DAPI_2024-04-19_F5_whole_outlined.png
2,2,1,3,WT_2dpf_4D9-488_DAPI_2024-04-19_F5,['/Users/quillan/Documents/Lab/Thesis/Chevron Analysis/Analysis_1/processed_images/WT_2dpf_4D9-488_DAPI_2024-04-19_F5_somite_2_mp_7.png'],/Users/quillan/Documents/Lab/Thesis/Chevron Analysis/Analysis_1/processed_images/WT_2dpf_4D9-488_DAPI_2024-04-19_F5_whole_outlined.png
3,3,2,3,WT_2dpf_4D9-488_DAPI_2024-04-19_F5,"['/Users/quillan/Documents/Lab/Thesis/Chevron Analysis/Analysis_1/processed_images/WT_2dpf_4D9-488_DAPI_2024-04-19_F5_somite_3_mp_15.png', '/Users/quillan/Documents/Lab/Thesis/Chevron Analysis/Analysis_1/processed_images/WT_2dpf_4D9-488_DAPI_2024-04-19_F5_somite_3_mp_16.png']",/Users/quillan/Documents/Lab/Thesis/Chevron Analysis/Analysis_1/processed_images/WT_2dpf_4D9-488_DAPI_2024-04-19_F5_whole_outlined.png
4,4,2,3,WT_2dpf_4D9-488_DAPI_2024-04-19_F5,"['/Users/quillan/Documents/Lab/Thesis/Chevron Analysis/Analysis_1/processed_images/WT_2dpf_4D9-488_DAPI_2024-04-19_F5_somite_4_mp_13.png', '/Users/quillan/Documents/Lab/Thesis/Chevron Analysis/Analysis_1/processed_images/WT_2dpf_4D9-488_DAPI_2024-04-19_F5_somite_4_mp_14.png']",/Users/quillan/Documents/Lab/Thesis/Chevron Analysis/Analysis_1/processed_images/WT_2dpf_4D9-488_DAPI_2024-04-19_F5_whole_outlined.png
5,5,2,2,WT_2dpf_4D9-488_DAPI_2024-04-19_F5,"['/Users/quillan/Documents/Lab/Thesis/Chevron Analysis/Analysis_1/processed_images/WT_2dpf_4D9-488_DAPI_2024-04-19_F5_somite_5_mp_11.png', '/Users/quillan/Documents/Lab/Thesis/Chevron Analysis/Analysis_1/processed_images/WT_2dpf_4D9-488_DAPI_2024-04-19_F5_somite_5_mp_12.png']",/Users/quillan/Documents/Lab/Thesis/Chevron Analysis/Analysis_1/processed_images/WT_2dpf_4D9-488_DAPI_2024-04-19_F5_whole_outlined.png
6,6,1,2,WT_2dpf_4D9-488_DAPI_2024-04-19_F5,['/Users/quillan/Documents/Lab/Thesis/Chevron Analysis/Analysis_1/processed_images/WT_2dpf_4D9-488_DAPI_2024-04-19_F5_somite_6_mp_10.png'],/Users/quillan/Documents/Lab/Thesis/Chevron Analysis/Analysis_1/processed_images/WT_2dpf_4D9-488_DAPI_2024-04-19_F5_whole_outlined.png
0,0,3,3,WT_2dpf_4D9-488_DAPI_2024-04-19_F6,"['/Users/quillan/Documents/Lab/Thesis/Chevron Analysis/Analysis_1/processed_images/WT_2dpf_4D9-488_DAPI_2024-04-19_F6_somite_0_mp_0.png', '/Users/quillan/Documents/Lab/Thesis/Chevron Analysis/Analysis_1/processed_images/WT_2dpf_4D9-488_DAPI_2024-04-19_F6_somite_0_mp_4.png', '/Users/quillan/Documents/Lab/Thesis/Chevron Analysis/Analysis_1/processed_images/WT_2dpf_4D9-488_DAPI_2024-04-19_F6_somite_0_mp_5.png']",/Users/quillan/Documents/Lab/Thesis/Chevron Analysis/Analysis_1/processed_images/WT_2dpf_4D9-488_DAPI_2024-04-19_F6_whole_outlined.png
1,1,2,3,WT_2dpf_4D9-488_DAPI_2024-04-19_F6,"['/Users/quillan/Documents/Lab/Thesis/Chevron Analysis/Analysis_1/processed_images/WT_2dpf_4D9-488_DAPI_2024-04-19_F6_somite_1_mp_2.png', '/Users/quillan/Documents/Lab/Thesis/Chevron Analysis/Analysis_1/processed_images/WT_2dpf_4D9-488_DAPI_2024-04-19_F6_somite_1_mp_6.png']",/Users/quillan/Documents/Lab/Thesis/Chevron Analysis/Analysis_1/processed_images/WT_2dpf_4D9-488_DAPI_2024-04-19_F6_whole_outlined.png
2,2,1,3,WT_2dpf_4D9-488_DAPI_2024-04-19_F6,['/Users/quillan/Documents/Lab/Thesis/Chevron Analysis/Analysis_1/processed_images/WT_2dpf_4D9-488_DAPI_2024-04-19_F6_somite_2_mp_3.png'],/Users/quillan/Documents/Lab/Thesis/Chevron Analysis/Analysis_1/processed_images/WT_2dpf_4D9-488_DAPI_2024-04-19_F6_whole_outlined.png
3,3,2,3,WT_2dpf_4D9-488_DAPI_2024-04-19_F6,"['/Users/quillan/Documents/Lab/Thesis/Chevron Analysis/Analysis_1/processed_images/WT_2dpf_4D9-488_DAPI_2024-04-19_F6_somite_3_mp_9.png', '/Users/quillan/Documents/Lab/Thesis/Chevron Analysis/Analysis_1/processed_images/WT_2dpf_4D9-488_DAPI_2024-04-19_F6_somite_3_mp_11.png']",/Users/quillan/Documents/Lab/Thesis/Chevron Analysis/Analysis_1/processed_images/WT_2dpf_4D9-488_DAPI_2024-04-19_F6_whole_outlined.png
4,4,2,3,WT_2dpf_4D9-488_DAPI_2024-04-19_F6,"['/Users/quillan/Documents/Lab/Thesis/Chevron Analysis/Analysis_1/processed_images/WT_2dpf_4D9-488_DAPI_2024-04-19_F6_somite_4_mp_7.png', '/Users/quillan/Documents/Lab/Thesis/Chevron Analysis/Analysis_1/processed_images/WT_2dpf_4D9-488_DAPI_2024-04-19_F6_somite_4_mp_14.png']",/Users/quillan/Documents/Lab/Thesis/Chevron Analysis/Analysis_1/processed_images/WT_2dpf_4D9-488_DAPI_2024-04-19_F6_whole_outlined.png
5,5,2,3,WT_2dpf_4D9-488_DAPI_2024-04-19_F6,"['/Users/quillan/Documents/Lab/Thesis/Chevron Analysis/Analysis_1/processed_images/WT_2dpf_4D9-488_DAPI_2024-04-19_F6_somite_5_mp_8.png', '/Users/quillan/Documents/Lab/Thesis/Chevron Analysis/Analysis_1/processed_images/WT_2dpf_4D9-488_DAPI_2024-04-19_F6_somite_5_mp_17.png']",/Users/quillan/Documents/Lab/Thesis/Chevron Analysis/Analysis_1/processed_images/WT_2dpf_4D9-488_DAPI_2024-04-19_F6_whole_outlined.png
6,6,0,3,WT_2dpf_4D9-488_DAPI_2024-04-19_F6,[],/Users/quillan/Documents/Lab/Thesis/Chevron Analysis/Analysis_1/processed_images/WT_2dpf_4D9-488_DAPI_2024-04-19_F6_whole_outlined.png
7,7,0,3,WT_2dpf_4D9-488_DAPI_2024-04-19_F6,[],/Users/quillan/Documents/Lab/Thesis/Chevron Analysis/Analysis_1/processed_images/WT_2dpf_4D9-488_DAPI_2024-04-19_F6_whole_outlined.png
8,8,0,3,WT_2dpf_4D9-488_DAPI_2024-04-19_F6,[],/Users/quillan/Documents/Lab/Thesis/Chevron Analysis/Analysis_1/processed_images/WT_2dpf_4D9-488_DAPI_2024-04-19_F6_whole_outlined.png